<?xml version="1.0" encoding="UTF-8"?>
<translations>
    <token id="button_repeat">TRY AGAIN</token>
    <token id="button_finish">ACCEPT</token>
    <token id="button_skip">SKIP</token>
    <token id="button_ready">READY</token>
    <token id="CaptureTipFront">Please capture document's front</token>
    <token id="CaptureInfoFront">Please capture&#10;document's front</token>
    <token id="CaptureTipFrontID">Please capture document's front</token>
    <token id="CaptureInfoFrontID">Please capture&#10;document's front</token>
    <token id="CaptureTipFrontFC">Please capture document's front</token>
    <token id="CaptureInfoFrontFC">Please capture&#10;document's front</token>
    <token id="CaptureTipFrontPP">Please capture passport</token>
    <token id="CaptureInfoFrontPP">Please capture passport</token>
    <token id="CaptureTipFrontDL">Please capture driver licence's front</token>
    <token id="CaptureInfoFrontDL">Please capture&#10;driver licence's front</token>
    <token id="CaptureTipBack">Please capture document's back</token>
    <token id="CaptureInfoBack">Please capture&#10;document's back</token>
    <token id="CaptureTipBackID">Please capture document's back</token>
    <token id="CaptureInfoBackID">Please capture&#10;document's back</token>
    <token id="CaptureTipBackFC">Please capture document's back</token>
    <token id="CaptureInfoBackFC">Please capture&#10;document's back</token>
    <token id="CaptureTipBackPP">Please capture passport</token>
    <token id="CaptureInfoBackPP">Please capture passport</token>
    <token id="CaptureTipBackDL">Please capture driver license's back</token>
    <token id="CaptureInfoBackDL">Please capture&#10;driver license's back</token>
    <token id="CaptureSuccessFront">Document scanned&#10;successfully!</token>
    <token id="CaptureSuccessBack">Document scanned&#10;successfully!</token>
    <token id="CaptureError">Processing document...</token>
    <token id="CaptureErrorLight">There is not&#10;enough light</token>
    <token id="Tutorial1">Find a background&#10;with high contrast</token>
    <token id="Tutorial2">Place the document&#10;inside the rectangle</token>
    <token id="Tutorial3">Avoid glare while&#10;capturing the document</token>
    <token id="Tutorial1_PP">Find a background&#10;with high contrast</token>
    <token id="Tutorial2_PP">Place the passport&#10;inside the rectangle</token>
    <token id="Tutorial3_PP">Avoid glare while&#10;capturing the passport</token>
</translations>
