<?xml version="1.0" encoding="UTF-8"?>
<translations>
    <token id="button_repeat">INTENTAR DE NUEVO</token>
    <token id="button_finish">ACEPTAR</token>
    <token id="button_skip">OMITIR</token>
    <token id="button_ready">LISTO</token>
    <token id="CaptureTipFront">Pon el FRENTE del documento</token>
    <token id="CaptureInfoFront">Pon el FRENTE&#10;del documento</token>
    <token id="CaptureTipFrontID">Pon el FRENTE del documento</token>
    <token id="CaptureInfoFrontID">Pon el FRENTE&#10;del documento</token>
    <token id="CaptureTipFrontFC">Pon el FRENTE del documento</token>
    <token id="CaptureInfoFrontFC">Pon el FRENTE&#10;del documento</token>
    <token id="CaptureTipFrontPP">Pon el PASAPORTE</token>
    <token id="CaptureInfoFrontPP">Pon el PASAPORTE&#10;dentro del recuadro</token>
    <token id="CaptureTipFrontDL">Pon el FRENTE del carnet de conducir</token>
    <token id="CaptureInfoFrontDL">Pon el FRENTE&#10;del carnet de conducir</token>
    <token id="CaptureTipBack">Pon el REVERSO del documento</token>
    <token id="CaptureInfoBack">Pon el REVERSO&#10;del documento</token>
    <token id="CaptureTipBackID">Pon el REVERSO del documento</token>
    <token id="CaptureInfoBackID">Pon el REVERSO&#10;del documento</token>
    <token id="CaptureTipBackFC">Pon el REVERSO del documento</token>
    <token id="CaptureInfoBackFC">Pon el REVERSO&#10;del documento</token>
    <token id="CaptureTipBackPP">Pon el PASAPORTE</token>
    <token id="CaptureInfoBackPP">Pon el PASAPORTE&#10;dentro del recuadro</token>
    <token id="CaptureTipBackDL">Pon el REVERSO del carnet de conducir</token>
    <token id="CaptureInfoBackDL">Pon el REVERSO&#10;del carnet de conducir</token>
    <token id="CaptureSuccessFront">¡El escaneado&#10;ha sido exitoso!</token>
    <token id="CaptureSuccessBack">¡El escaneado&#10;ha sido exitoso!</token>
    <token id="CaptureError">Analizando documento...</token>
    <token id="CaptureErrorLight">No hay&#10;suficiente luz</token>
    <token id="Tutorial1">Busca un fondo&#10;con buen contraste</token>
    <token id="Tutorial2">Coloca el documento&#10;dentro del recuadro</token>
    <token id="Tutorial3">Evita brillos que dificulten&#10;la lectura del documento</token>
    <token id="Tutorial1_PP">Busca un fondo&#10;con buen contraste</token>
    <token id="Tutorial2_PP">Coloca el pasaporte&#10;dentro del recuadro</token>
    <token id="Tutorial3_PP">Evita brillos que dificulten&#10;la lectura del pasaporte</token>
</translations>
