<?xml version="1.0" encoding="UTF-8"?>
<translations>
    <token id="button_repeat">TIRAR NOVAMENTE</token>
    <token id="button_finish">ACEITAR</token>
    <token id="button_skip">OMITIR</token>
    <token id="button_ready">PRONTO</token>
    <token id="CaptureTipFront">Coloque a FRENTE do documento</token>
    <token id="CaptureInfoFront">Coloque a FRENTE&#10;do documento</token>
    <token id="CaptureTipFrontID">Coloque a FRENTE do documento</token>
    <token id="CaptureInfoFrontID">Coloque a FRENTE&#10;do documento</token>
    <token id="CaptureTipFrontFC">Coloque a FRENTE do documento</token>
    <token id="CaptureInfoFrontFC">Coloque a FRENTE&#10;do documento</token>
    <token id="CaptureTipFrontPP">Coloque o PASSAPORTE</token>
    <token id="CaptureInfoFrontPP">Coloque o PASSAPORTE</token>
    <token id="CaptureTipFrontDL">Coloque a FRENTE da carta de condução</token>
    <token id="CaptureInfoFrontDL">Coloque a FRENTE&#10;da carta de condução</token>
    <token id="CaptureTipBack">Coloque o VERSO do documento</token>
    <token id="CaptureInfoBack">Coloque o VERSO&#10;do documento</token>
    <token id="CaptureTipBackID">Coloque o VERSO do documento</token>
    <token id="CaptureInfoBackID">Coloque o VERSO&#10;do documento</token>
    <token id="CaptureTipBackFC">Coloque o VERSO do documento</token>
    <token id="CaptureInfoBackFC">Coloque o VERSO&#10;do documento</token>
    <token id="CaptureTipBackPP">Coloque o PASSAPORTE</token>
    <token id="CaptureInfoBackPP">Coloque o PASSAPORTE</token>
    <token id="CaptureTipBackDL">Coloque o VERSO da carta de condução</token>
    <token id="CaptureInfoBackDL">Coloque o VERSO&#10;da carta de condução</token>
    <token id="CaptureSuccessFront">A digitalização&#10;foi realizada com êxito!</token>
    <token id="CaptureSuccessBack">A digitalização&#10;foi realizada com êxito!</token>
    <token id="CaptureError">A analisar documento...</token>
    <token id="CaptureErrorLight">Não há&#10;luz suficiente</token>
    <token id="Tutorial1">Procure um fundo&#10;com bom contraste</token>
    <token id="Tutorial2">Comprove que se vejam bem&#10;as letras e imagens&#10;do documento</token>
    <token id="Tutorial3">Evite contraluzes&#10;sobre o documento</token>
    <token id="Tutorial1_PP">Procure um fundo&#10;com bom contraste</token>
    <token id="Tutorial2_PP">Comprove que se vejam bem&#10;as letras e imagens&#10;do passaporte</token>
    <token id="Tutorial3_PP">Evite contraluzes&#10;sobre o passaporte</token>
</translations>
