<?xml version="1.0" encoding="UTF-8"?>
<facephi-widget-conf version="1.2"
    border_width="4.0"
    border_color_tip="#1a2732"
    background_color_tip="#1a27324c"
    border_color_capture="#ffffff"
    border_color_success="#ffffff"
    background_color_success="#33ff924c"
    border_color_error="#ffffff"
    background_color_error="#ff763933"
    
    camera_scale="ASPECT_FILL"
    >

    <view id="CaptureIDFront">

        <gradientBackground id="background"
        colorStart="#1a273280"
        colorEnd="#c0c0c080"
        xStart="0.333" yStart="0.200"
        xEnd="0.750" yEnd="1.166"
        />

        <panel id="IDPanel"
        color="#1a273280"
        />
        
        <frameIDOverlay id="frameOverlay"
        value="($DT)OverlayFront.png"
        />

        <frameID id="frame"
        color="#1a2732"
        />

        <labeledIcon id="tipCaptureFront"
        icon="($DT)IconFront.png"
        icon_align="BOTTOM"
        separation="35.0"
        text="CaptureTipFront($DT)"
        text_color="#ffffff"
        text_align="LEFT"
        font="NeoSansStd-Bold.otf"
        font_size="16.0"
        line_height="21.0"
        />


        <gradientPanel id="infoPanel"
        colorStart="#1a2732"
        colorEnd="#1a2732"
        xStart="0.333" yStart="0.200"
        xEnd="0.750" yEnd="1.166"
        />

        <labeledIcon id="infoCaptureFront"
        icon="($DT)IconSMFront.png"
        icon_align="LEFT"
        separation="16.0"
        text="CaptureInfoFront($DT)"
        text_color="#ffffff"
        text_align="LEFT"
        font="NeoSansStd-Bold.otf"
        font_size="16.0"
        line_height="21.0"
        />

        <buttonImage id="buttonInfo" value="info-light.png"/>
        <buttonImage id="buttonExit" value="cross-light.png"/>

        <image id="logo" value=""/>
    </view>


    <view id="CaptureIDFrontSuccess">

        <gradientBackground id="background"
        colorStart="#1a273280"
        colorEnd="#c0c0c080"
        xStart="0.333" yStart="0.200"
        xEnd="0.750" yEnd="1.166"
        />

        <documentImage id="lastDocumentImage"/>

        <panel id="IDPanel"
        color="#33ff924c"
        />

        <frameID id="frame"
        color="#ffffff"
        />

        <labeledIcon id="successCaptureFront"
        icon="checkIcon.png"
        icon_align="BOTTOM"
        separation="16.0"
        text="CaptureSuccessFront"
        text_color="#ffffff"
        text_align="LEFT"
        font="NeoSansStd-Bold.otf"
        font_size="16.0"
        line_height="21.0"
        />

        <gradientPanel id="infoPanel"
        colorStart="#1a2732"
        colorEnd="#1a2732"
        xStart="0.333" yStart="0.200"
        xEnd="0.750" yEnd="1.166"
        />

        <labeledIcon id="infoCaptureFront"
        icon="($DT)IconSMFront.png"
        icon_align="LEFT"
        separation="16.0"
        text="CaptureInfoFront"
        text_color="#ffffff"
        text_align="LEFT"
        font="NeoSansStd-Bold.otf"
        font_size="16.0"
        line_height="21.0"
        />

        <buttonImage id="buttonInfo" value="info-light.png"/>
        <buttonImage id="buttonExit" value="cross-light.png"/>

        <image id="logo" value=""/>

        <flash id="flash"
        color="#ffffffcc"
        delay="0.0"
        duration="0.2"
        />

    </view>


    <view id="CaptureIDFrontError">

        <gradientBackground id="background"
        colorStart="#1a273280"
        colorEnd="#c0c0c080"
        xStart="0.333" yStart="0.200"
        xEnd="0.750" yEnd="1.166"
        />

        <flash id="flash"
        color="#ff763933"
        delay="0.1"
        duration="0.3"
        />

        <panel id="IDPanel"
        color="#ff76394c"
        />

        <frameID id="frame"
        color="#ffffff"
        />

        <labeledIcon id="errorCaptureFront"
        icon="errorIcon.png"
        icon_align="BOTTOM"
        separation="16.0"
        text_color="#ffffff"
        text_align="LEFT"
        font="NeoSansStd-Bold.otf"
        font_size="16.0"
        line_height="21.0"
        />

        <gradientPanel id="infoPanel"
        colorStart="#1a2732"
        colorEnd="#1a2732"
        xStart="0.333" yStart="0.200"
        xEnd="0.750" yEnd="1.166"
        />

        <labeledIcon id="infoCaptureFront"
        icon="($DT)IconSMFront.png"
        icon_align="LEFT"
        separation="16.0"
        text="CaptureInfoFront"
        text_color="#ffffff"
        text_align="LEFT"
        font="NeoSansStd-Bold.otf"
        font_size="16.0"
        line_height="21.0"
        />

        <buttonImage id="buttonInfo" value="info-light.png"/>
        <buttonImage id="buttonExit" value="cross-light.png"/>

        <image id="logo" value=""/>

    </view>



    <view id="CaptureOtherSideTransition">
        
        <gradientBackground id="background"
        colorStart="#1a273280"
        colorEnd="#c0c0c080"
        xStart="0.333" yStart="0.200"
        xEnd="0.750" yEnd="1.166"
        />

        <documentImage id="lastDocumentImage"/>

        <frameID id="frame"
        color="#ffffff"
        />

        <buttonImage id="buttonInfo" value="info-light.png"/>
        <buttonImage id="buttonExit" value="cross-light.png"/>

        <image id="logo" value=""/>

    </view>


    <view id="CaptureIDBack">

        <gradientBackground id="background"
        colorStart="#1a273280"
        colorEnd="#c0c0c080"
        xStart="0.333" yStart="0.200"
        xEnd="0.750" yEnd="1.166"
        />

        <panel id="IDPanel"
        color="#1a273280"
        />

        <frameIDOverlay id="frameOverlay"
        value="($DT)OverlayBack.png"
        />

        <frameID id="frame"
        color="#1a2732"
        />

        <labeledIcon id="tipCaptureBack"
        icon="($DT)IconBack.png"
        icon_align="BOTTOM"
        separation="35.0"
        text="CaptureTipBack($DT)"
        text_color="#ffffff"
        text_align="LEFT"
        font="NeoSansStd-Bold.otf"
        font_size="16.0"
        line_height="21.0"
        />


        <gradientPanel id="infoPanel"
        colorStart="#1a2732"
        colorEnd="#1a2732"
        xStart="0.333" yStart="0.200"
        xEnd="0.750" yEnd="1.166"
        />

        <labeledIcon id="infoCaptureBack"
        icon="($DT)IconSMBack.png"
        icon_align="LEFT"
        separation="16.0"
        text="CaptureInfoBack($DT)"
        text_color="#ffffff"
        text_align="LEFT"
        font="NeoSansStd-Bold.otf"
        font_size="16.0"
        line_height="21.0"
        />

        <buttonImage id="buttonInfo" value="info-light.png"/>
        <buttonImage id="buttonExit" value="cross-light.png"/>

        <image id="logo" value=""/>

    </view>

    <view id="CaptureIDBackSuccess">

        <gradientBackground id="background"
        colorStart="#1a273280"
        colorEnd="#c0c0c080"
        xStart="0.333" yStart="0.200"
        xEnd="0.750" yEnd="1.166"
        />

        <documentImage id="lastDocumentImage"/>

        <panel id="IDPanel"
        color="#33ff924c"
        />

        <frameID id="frame"
        color="#ffffff"
        />

        <labeledIcon id="successCaptureBack"
        icon="checkIcon.png"
        icon_align="BOTTOM"
        separation="16.0"
        text="CaptureSuccessBack"
        text_color="#ffffff"
        text_align="LEFT"
        font="NeoSansStd-Bold.otf"
        font_size="16.0"
        line_height="21.0"
        />

        <gradientPanel id="infoPanel"
        colorStart="#1a2732"
        colorEnd="#1a2732"
        xStart="0.333" yStart="0.200"
        xEnd="0.750" yEnd="1.166"
        />

        <labeledIcon id="infoCaptureBack"
        icon="($DT)IconSMBack.png"
        icon_align="LEFT"
        separation="16.0"
        text="CaptureInfoBack"
        text_color="#ffffff"
        text_align="LEFT"
        font="NeoSansStd-Bold.otf"
        font_size="16.0"
        line_height="21.0"
        />

        <buttonImage id="buttonInfo" value="info-light.png"/>
        <buttonImage id="buttonExit" value="cross-light.png"/>

        <image id="logo" value=""/>

        <flash id="flash"
        color="#ffffffcc"
        delay="0.0"
        duration="0.2"
        />

    </view>


    <view id="CaptureIDBackError">

        <gradientBackground id="background"
        colorStart="#1a273280"
        colorEnd="#c0c0c080"
        xStart="0.333" yStart="0.200"
        xEnd="0.750" yEnd="1.166"
        />

        <flash id="flash"
        color="#ff763933"
        delay="0.1"
        duration="0.3"
        />

        <panel id="IDPanel"
        color="#ff76394c"
        />

        <frameID id="frame"
        color="#ffffff"
        />

        <labeledIcon id="errorCaptureBack"
        icon="errorIcon.png"
        icon_align="BOTTOM"
        separation="16.0"
        text_color="#ffffff"
        text_align="LEFT"
        font="NeoSansStd-Bold.otf"
        font_size="16.0"
        line_height="21.0"
        />

        <gradientPanel id="infoPanel"
        colorStart="#1a2732"
        colorEnd="#1a2732"
        xStart="0.333" yStart="0.200"
        xEnd="0.750" yEnd="1.166"
        />

        <labeledIcon id="infoCaptureBack"
        icon="($DT)IconSMBack.png"
        icon_align="LEFT"
        separation="16.0"
        text="CaptureInfoBack"
        text_color="#ffffff"
        text_align="LEFT"
        font="NeoSansStd-Bold.otf"
        font_size="16.0"
        line_height="21.0"
        />

        <buttonImage id="buttonInfo" value="info-light.png"/>
        <buttonImage id="buttonExit" value="cross-light.png"/>

        <image id="logo" value=""/>

    </view>

    <view id="ShowID">
        <background id="background"
        color="#ffffff"
        />
       
        <documentImage id="lastDocumentImage"/>

        <frameID id="frame"
        color="#1a2732"
        />
        
        <button id="buttonRetry"
        background="#ffffff"
        decorator="#96ce00"
        foreground="#96ce00"
        content="button_repeat"
        content_type="TEXT_ID"
        font="NeoSansStd-Bold.otf"
        font_size="18.0"
        align="CENTER"
        type="FLAT_WITH_BORDER"
        radius="500.0"
        />
        
        <button id="buttonAccept"
        background="#96ce00"
        decorator="#96ce00"
        foreground="#1a2732"
        content="button_finish"
        content_type="TEXT_ID"
        font="NeoSansStd-Bold.otf"
        font_size="18.0"
        align="CENTER"
        type="FLAT_WITH_BORDER"
        radius="500.0"
        />
        
        <buttonImage id="buttonInfo" value="info-dark.png"/>
        <buttonImage id="buttonExit" value="cross-dark.png"/>
        
        <image id="logo" value=""/>
    </view>

    <view id="InfoTutorial">

        <background id="back"
        color="#000000"
        />

        <gradientBackground id="background"
        colorStart="#1a273280"
        colorEnd="#c0c0c080"
        xStart="0.333" yStart="0.200"
        xEnd="0.750" yEnd="1.166"
        />

        <panel id="IDPanel"
        color="#ff33664c"
        />

        <frameID id="frame"
        color="#1a2732"
        />

        <buttonImage id="buttonExit" value="cross-light.png"/>

        <image id="logo" value=""/>

        <background id="infoBackground"
        color="#00000066"
        />
        
        <buttonImage id="buttonInfo" value="info-light.png"/>

        <button id="buttonAccept"
        background="#ff3366"
        foreground="#f9fafc"
        content="button_finish"
        content_type="TEXT_ID"
        font="NeoSansStd-Bold.otf"
        font_size="16.0"
        align="CENTER"
        />

    </view>


    <view id="Tutorial1">
        <background id="background"
        color="#FFFFFF"
        />

        <video id="tip_video" value="01_tut_contraste.mp4"/>

        <imageBackground id="imageBackground"
        image="background.png"
        scale="ASPECT_FILL"
        circle_color="#00000000"
        />

        <text id="tip"
        color="#717791"
        font="NeoSansStd-Regular.otf"
        font_size="24.0"
        />

        <button id="buttonBack"
        background="#00000000"
        foreground="#96CE00"
        content="button_skip"
        content_type="TEXT_ID"
        font="NeoSansStd-Bold.otf"
        font_size="16.0"
        align="LEFT"
        />
        
        <button id="buttonNext"
        background="#00000000"
        foreground="#96CE00"
        content="arrow-next-light.png"
        content_type="RESOURCE_ID"
        align="RIGHT"
        />        

        <pagination id="pagination" steps="3"
        page="1"
        image_on="paged-on-light.png"
        image_off="paged-off-light.png"
        separation="40.0"
        />

        <image id="logo" value=""/>
    </view>

    <view id="Tutorial2">
        <background id="background"
        color="#FFFFFF"
        />

        <video id="tip_video" value="02_tut_captura.mp4"/>
        
        <imageBackground id="imageBackground"
        image="background.png"
        scale="ASPECT_FILL"
        circle_color="#00000000"
        />

        <text id="tip"
        color="#717791"
        font="NeoSansStd-Regular.otf"
        font_size="24.0"
        />

        <button id="buttonBack"
        background="#00000000"
        foreground="#96CE00"
        content="arrow-back-light.png"
        content_type="RESOURCE_ID"
        align="LEFT"
        />

        <button id="buttonNext"
        background="#00000000"
        foreground="#96CE00"
        content="arrow-next-light.png"
        content_type="RESOURCE_ID"
        align="RIGHT"
        />        

        <pagination id="pagination" steps="3"
        page="2"
        image_on="paged-on-light.png"
        image_off="paged-off-light.png"
        separation="40.0"
        />

        <image id="logo" value=""/>
    </view>

    <view id="Tutorial3">
        <background id="background"
        color="#FFFFFF"
        />

        <video id="tip_video" value="03_tut_luz.mp4"/>
        
        <imageBackground id="imageBackground"
        image="background.png"
        scale="ASPECT_FILL"
        circle_color="#00000000"
        />

        <text id="tip"
        color="#717791"
        font="NeoSansStd-Regular.otf"
        font_size="24.0"
        />

        <button id="buttonBack"
        background="#00000000"
        foreground="#96CE00"
        content="arrow-back-light.png"
        content_type="RESOURCE_ID"
        align="LEFT"
        />      
        
        <button id="buttonNext"
        background="#00000000"
        foreground="#96CE00"
        content="button_ready"
        content_type="TEXT_ID"
        font="NeoSansStd-Bold.otf"
        font_size="16.0"
        align="RIGHT"
        />      

        <pagination id="pagination" steps="3"
        page="3"
        image_on="paged-on-light.png"
        image_off="paged-off-light.png"
        separation="40.0"
        />

        <image id="logo" value=""/>
    </view>

    <view id="Tutorial1_PP">
        <background id="background"
        color="#FFFFFF"
        />

        <video id="tip_video" value="01_tut_contraste_PP.mp4"/>

        <imageBackground id="imageBackground"
        image="background.png"
        scale="ASPECT_FILL"
        circle_color="#00000000"
        />

        <text id="tip"
        color="#717791"
        font="NeoSansStd-Regular.otf"
        font_size="24.0"
        />

        <button id="buttonBack"
        background="#00000000"
        foreground="#96CE00"
        content="button_skip"
        content_type="TEXT_ID"
        font="NeoSansStd-Bold.otf"
        font_size="16.0"
        align="LEFT"
        />
        
        <button id="buttonNext"
        background="#00000000"
        foreground="#96CE00"
        content="arrow-next-light.png"
        content_type="RESOURCE_ID"
        align="RIGHT"
        />        

        <pagination id="pagination" steps="3"
        page="1"
        image_on="paged-on-light.png"
        image_off="paged-off-light.png"
        separation="40.0"
        />

        <image id="logo" value=""/>
    </view>

    <view id="Tutorial2_PP">
        <background id="background"
        color="#FFFFFF"
        />

        <video id="tip_video" value="02_tut_captura_PP.mp4"/>
        
        <imageBackground id="imageBackground"
        image="background.png"
        scale="ASPECT_FILL"
        circle_color="#00000000"
        />

        <text id="tip"
        color="#717791"
        font="NeoSansStd-Regular.otf"
        font_size="24.0"
        />

        <button id="buttonBack"
        background="#00000000"
        foreground="#96CE00"
        content="arrow-back-light.png"
        content_type="RESOURCE_ID"
        align="LEFT"
        />

        <button id="buttonNext"
        background="#00000000"
        foreground="#96CE00"
        content="arrow-next-light.png"
        content_type="RESOURCE_ID"
        align="RIGHT"
        />        

        <pagination id="pagination" steps="3"
        page="2"
        image_on="paged-on-light.png"
        image_off="paged-off-light.png"
        separation="40.0"
        />

        <image id="logo" value=""/>
    </view>

    <view id="Tutorial3_PP">
        <background id="background"
        color="#FFFFFF"
        />

        <video id="tip_video" value="03_tut_luz_PP.mp4"/>
        
        <imageBackground id="imageBackground"
        image="background.png"
        scale="ASPECT_FILL"
        circle_color="#00000000"
        />

        <text id="tip"
        color="#717791"
        font="NeoSansStd-Regular.otf"
        font_size="24.0"
        />

        <button id="buttonBack"
        background="#00000000"
        foreground="#96CE00"
        content="arrow-back-light.png"
        content_type="RESOURCE_ID"
        align="LEFT"
        />      
        
        <button id="buttonNext"
        background="#00000000"
        foreground="#96CE00"
        content="button_ready"
        content_type="TEXT_ID"
        font="NeoSansStd-Bold.otf"
        font_size="16.0"
        align="RIGHT"
        />      

        <pagination id="pagination" steps="3"
        page="3"
        image_on="paged-on-light.png"
        image_off="paged-off-light.png"
        separation="40.0"
        />

        <image id="logo" value=""/>   
    </view>

</facephi-widget-conf>

